,lr_model,dt_model,knn_model,nb_model,rf_model,xgb_model
0,0.8638344226579521,0.8965141612200436,0.8877995642701525,0.8616557734204793,1.0,1.0
1,0.9284088726714038,0.9496879201075477,0.9557014595736508,0.9171355867101979,1.0,1.0
2,0.8633776091081594,0.8903591682419659,0.87569573283859,0.8772277227722772,1.0,1.0
3,0.8956692913385826,0.9271653543307087,0.9291338582677166,0.8720472440944882,1.0,1.0
4,0.8792270531400966,0.9083895853423336,0.9016236867239733,0.8746298124383021,1.0,1.0
5,0.7239332165533156,0.7904583165944106,0.7731777497191467,0.7203350650266394,1.0,1.0
